customer_id,customer_name,categories_bought,total_spent
93094,Customer_93094,7,181569.68
64560,Customer_64560,7,169060.4
23289,Customer_23289,7,161573.8
52275,Customer_52275,7,153364.79
61218,Customer_61218,7,153067.55
52034,Customer_52034,7,152680.05
40442,Customer_40442,7,151037.32
60528,Customer_60528,7,148691.95
84830,Customer_84830,7,148363.84
82593,Customer_82593,7,148281.04
20648,Customer_20648,7,148084.29
15759,Customer_15759,7,147852.55
36102,Customer_36102,7,147833.9
60538,Customer_60538,7,147514.06
79352,Customer_79352,7,146656.2
67896,Customer_67896,7,146604.06
89114,Customer_89114,7,146574.77
17810,Customer_17810,7,145903.82
28584,Customer_28584,7,145728.93
82699,Customer_82699,7,144907.5
36631,Customer_36631,7,144744.71
42954,Customer_42954,7,144564.6
17100,Customer_17100,7,144554.18
45631,Customer_45631,7,144546.88
87660,Customer_87660,7,143882.28
84484,Customer_84484,7,143082.23
43740,Customer_43740,7,141692.61000000002
35970,Customer_35970,7,141691.74
65135,Customer_65135,7,141454.51
35746,Customer_35746,7,140954.68
21763,Customer_21763,7,140938.34
3434,Customer_3434,7,140736.18
3376,Customer_3376,7,140612.36
24624,Customer_24624,7,140025.86
29145,Customer_29145,7,140001.58000000002
97963,Customer_97963,7,139582.46
70093,Customer_70093,7,139552.81
62783,Customer_62783,7,139378.18
75354,Customer_75354,7,139356.92
74618,Customer_74618,7,138667.38999999998
40367,Customer_40367,7,138422.21
94429,Customer_94429,7,138235.86
79586,Customer_79586,7,137774.9
51404,Customer_51404,7,137492.82
28328,Customer_28328,7,137492.5
44655,Customer_44655,7,137299.26
46068,Customer_46068,7,137190.88999999998
59168,Customer_59168,7,136437.87
72134,Customer_72134,7,136163.9
13850,Customer_13850,7,136090.54
10188,Customer_10188,7,135969.91
93755,Customer_93755,7,135885.61000000002
79896,Customer_79896,7,135715.6
79367,Customer_79367,7,135640.17
81896,Customer_81896,7,135624.61
95043,Customer_95043,7,135568.86
99083,Customer_99083,7,135422.3
46241,Customer_46241,7,135368.73
21067,Customer_21067,7,135303.32
65948,Customer_65948,7,135265.61
38214,Customer_38214,7,134853.38
25662,Customer_25662,7,134054.6
68846,Customer_68846,7,133887.0
75959,Customer_75959,7,133870.12
62815,Customer_62815,7,133683.81
59362,Customer_59362,7,133634.03
98351,Customer_98351,7,133503.63999999998
23513,Customer_23513,7,133348.35
14945,Customer_14945,7,133266.38
86897,Customer_86897,7,133074.21
95873,Customer_95873,7,132987.14
25426,Customer_25426,7,132971.25
27775,Customer_27775,7,132962.83
19244,Customer_19244,7,132949.47
81431,Customer_81431,7,132859.76
17979,Customer_17979,7,132436.51
24316,Customer_24316,7,132229.35
90972,Customer_90972,7,132014.82
34065,Customer_34065,7,131915.43
18106,Customer_18106,7,131877.29
93874,Customer_93874,7,131803.88
37277,Customer_37277,7,131729.69
10590,Customer_10590,7,131720.99
14283,Customer_14283,7,131646.87
92917,Customer_92917,7,131629.19
42327,Customer_42327,7,131588.74
36648,Customer_36648,7,131395.85
37488,Customer_37488,7,131276.71
67594,Customer_67594,7,131171.4
27327,Customer_27327,7,131134.07
26638,Customer_26638,7,131059.4
1066,Customer_1066,7,131014.11
19856,Customer_19856,7,130855.37
78192,Customer_78192,7,130755.98
22740,Customer_22740,7,130736.31
78244,Customer_78244,7,130693.33
84466,Customer_84466,7,130662.06
48481,Customer_48481,7,130587.58
24814,Customer_24814,7,130516.75
93919,Customer_93919,7,130478.5
25163,Customer_25163,7,130432.86
30389,Customer_30389,7,130396.92
94812,Customer_94812,7,130371.05
12003,Customer_12003,7,130345.22
99046,Customer_99046,7,130299.78
55426,Customer_55426,7,130134.26000000001
23989,Customer_23989,7,130110.53
84283,Customer_84283,7,129869.61
31157,Customer_31157,7,129733.74
26093,Customer_26093,7,129731.33
11438,Customer_11438,7,129511.28
55636,Customer_55636,7,129500.73
2359,Customer_2359,7,129366.73
69093,Customer_69093,7,129195.48000000001
86720,Customer_86720,7,129157.35
48371,Customer_48371,7,129071.04
89802,Customer_89802,7,129057.54000000001
53806,Customer_53806,7,128952.14
74901,Customer_74901,7,128736.86
93743,Customer_93743,7,128709.32
16307,Customer_16307,7,128673.28
14176,Customer_14176,7,128631.8
89401,Customer_89401,7,128618.08
20537,Customer_20537,7,128483.52
94717,Customer_94717,7,128434.55
32635,Customer_32635,7,128418.1
65572,Customer_65572,7,128319.88
37339,Customer_37339,7,128289.99
73743,Customer_73743,7,128289.7
45735,Customer_45735,7,128258.18
39187,Customer_39187,7,128161.09
44108,Customer_44108,7,128065.03
3907,Customer_3907,7,128034.54
60669,Customer_60669,7,127946.54
81320,Customer_81320,7,127874.24
41771,Customer_41771,7,127834.16
33551,Customer_33551,7,127693.22
23087,Customer_23087,7,127634.24
57984,Customer_57984,7,127489.04000000001
81900,Customer_81900,7,127465.68
47966,Customer_47966,7,127318.46
53139,Customer_53139,7,127296.52
60,Customer_60,7,127179.27
18324,Customer_18324,7,126988.89
65643,Customer_65643,7,126968.29
58739,Customer_58739,7,126812.48
49779,Customer_49779,7,126790.79000000001
61576,Customer_61576,7,126755.16
57915,Customer_57915,7,126423.37
80447,Customer_80447,7,126365.77
23380,Customer_23380,7,126316.53
88960,Customer_88960,7,126290.69
83276,Customer_83276,7,126265.66
17830,Customer_17830,7,126237.79
90332,Customer_90332,7,126207.2
15345,Customer_15345,7,126183.67
65922,Customer_65922,7,126160.64
25215,Customer_25215,7,125972.95
79943,Customer_79943,7,125954.34
38006,Customer_38006,7,125850.41
11059,Customer_11059,7,125819.17
95462,Customer_95462,7,125663.43
79282,Customer_79282,7,125650.25
43052,Customer_43052,7,125635.42
3651,Customer_3651,7,125627.84999999999
70862,Customer_70862,7,125609.33
3057,Customer_3057,7,125548.52
77383,Customer_77383,7,125526.49
54438,Customer_54438,7,125426.22
97308,Customer_97308,7,125295.47
44554,Customer_44554,7,125262.22
59045,Customer_59045,7,125186.01
36854,Customer_36854,7,125034.01
29960,Customer_29960,7,124977.52
26237,Customer_26237,7,124967.93
33864,Customer_33864,7,124921.04
27632,Customer_27632,7,124724.12
33092,Customer_33092,7,124659.74
702,Customer_702,7,124648.35
33174,Customer_33174,7,124514.69
63013,Customer_63013,7,124507.61
90008,Customer_90008,7,124455.78
67886,Customer_67886,7,124422.63
16249,Customer_16249,7,124312.9
63068,Customer_63068,7,124230.16
53605,Customer_53605,7,124224.08
34249,Customer_34249,7,124205.8
28573,Customer_28573,7,124165.92
99816,Customer_99816,7,124126.88
98921,Customer_98921,7,124084.56
72676,Customer_72676,7,124015.84
45264,Customer_45264,7,123972.78
68510,Customer_68510,7,123905.32
85371,Customer_85371,7,123842.42
34578,Customer_34578,7,123721.26
55306,Customer_55306,7,123696.27
35880,Customer_35880,7,123667.33
39748,Customer_39748,7,123601.84
58371,Customer_58371,7,123568.23
41922,Customer_41922,7,123509.28
55533,Customer_55533,7,123484.64
72080,Customer_72080,7,123477.93
91482,Customer_91482,7,123466.09
81055,Customer_81055,7,123461.38
94522,Customer_94522,7,123461.18
55513,Customer_55513,7,123457.83
43373,Customer_43373,7,123414.27
38743,Customer_38743,7,123302.68000000001
28128,Customer_28128,7,123139.82
76669,Customer_76669,7,123137.57
73971,Customer_73971,7,123125.96
63238,Customer_63238,7,123106.79
85815,Customer_85815,7,123057.53
19011,Customer_19011,7,123053.24
86219,Customer_86219,7,123029.08
28854,Customer_28854,7,122951.29
89138,Customer_89138,7,122853.9
20356,Customer_20356,7,122850.53
64423,Customer_64423,7,122832.84
21216,Customer_21216,7,122809.48999999999
18222,Customer_18222,7,122758.32
6412,Customer_6412,7,122733.83
49803,Customer_49803,7,122693.94
8790,Customer_8790,7,122688.7
77775,Customer_77775,7,122635.76
17641,Customer_17641,7,122607.08
68770,Customer_68770,7,122590.63
22228,Customer_22228,7,122503.74
74253,Customer_74253,7,122493.33
60618,Customer_60618,7,122469.8
87032,Customer_87032,7,122468.62
53452,Customer_53452,7,122432.93000000001
96862,Customer_96862,7,122305.87
91446,Customer_91446,7,122214.13
31811,Customer_31811,7,122179.29
65023,Customer_65023,7,122117.01
72497,Customer_72497,7,122092.08
54643,Customer_54643,7,122056.92
60587,Customer_60587,7,122023.59
16458,Customer_16458,7,121949.44
31612,Customer_31612,7,121924.93000000001
27349,Customer_27349,7,121881.56
1616,Customer_1616,7,121879.64
54911,Customer_54911,7,121806.96
51608,Customer_51608,7,121801.42
48761,Customer_48761,7,121734.32
12427,Customer_12427,7,121726.97
3164,Customer_3164,7,121687.43
50541,Customer_50541,7,121613.78
60754,Customer_60754,7,121545.18000000001
97907,Customer_97907,7,121524.96
99260,Customer_99260,7,121515.39
50387,Customer_50387,7,121426.96
9442,Customer_9442,7,121422.99
42217,Customer_42217,7,121354.38
95376,Customer_95376,7,121329.13
74903,Customer_74903,7,121274.5
23083,Customer_23083,7,121271.93
92322,Customer_92322,7,121198.91
92113,Customer_92113,7,121181.2
91056,Customer_91056,7,121168.07
85506,Customer_85506,7,121059.05
32109,Customer_32109,7,121054.63
26241,Customer_26241,7,121047.8
62226,Customer_62226,7,120973.98
62589,Customer_62589,7,120969.32
31746,Customer_31746,7,120881.44
23096,Customer_23096,7,120864.02
77179,Customer_77179,7,120849.89
27119,Customer_27119,7,120806.66
97175,Customer_97175,7,120803.75
60816,Customer_60816,7,120700.59
19447,Customer_19447,7,120694.63
89015,Customer_89015,7,120616.46
17684,Customer_17684,7,120602.5
47433,Customer_47433,7,120541.86
17162,Customer_17162,7,120505.91
95162,Customer_95162,7,120460.01
67358,Customer_67358,7,120446.35
49405,Customer_49405,7,120418.88
59389,Customer_59389,7,120289.93000000001
99757,Customer_99757,7,120274.65
26992,Customer_26992,7,120242.81
15363,Customer_15363,7,120235.44
22010,Customer_22010,7,120188.6
3142,Customer_3142,7,120176.31
58116,Customer_58116,7,120174.02
1656,Customer_1656,7,120141.44
40945,Customer_40945,7,120133.59
60638,Customer_60638,7,120129.93000000001
53666,Customer_53666,7,120035.87
53715,Customer_53715,7,120010.55
1082,Customer_1082,7,119961.12
14698,Customer_14698,7,119914.51
28940,Customer_28940,7,119887.01000000001
85225,Customer_85225,7,119870.15
62826,Customer_62826,7,119861.96
80054,Customer_80054,7,119822.91
74471,Customer_74471,7,119822.62
85745,Customer_85745,7,119807.62
12455,Customer_12455,7,119765.25
75622,Customer_75622,7,119685.71
41844,Customer_41844,7,119666.75
87531,Customer_87531,7,119634.55
82574,Customer_82574,7,119603.25
39363,Customer_39363,7,119557.15
64367,Customer_64367,7,119538.95999999999
66788,Customer_66788,7,119515.6
89009,Customer_89009,7,119505.91
62474,Customer_62474,7,119489.18000000001
4502,Customer_4502,7,119481.69
89357,Customer_89357,7,119466.83
76594,Customer_76594,7,119427.92
68399,Customer_68399,7,119426.7
96928,Customer_96928,7,119415.85
17971,Customer_17971,7,119399.99
48431,Customer_48431,7,119356.84
90621,Customer_90621,7,119346.58
85895,Customer_85895,7,119341.54
87026,Customer_87026,7,119300.75
65662,Customer_65662,7,119258.88
76094,Customer_76094,7,119256.5
89629,Customer_89629,7,119203.03
48322,Customer_48322,7,119200.28
761,Customer_761,7,119189.05
70540,Customer_70540,7,119156.13
87803,Customer_87803,7,119147.78
85823,Customer_85823,7,119108.14
84252,Customer_84252,7,119076.83
24521,Customer_24521,7,119065.02
82117,Customer_82117,7,119052.2
81472,Customer_81472,7,119010.86
16598,Customer_16598,7,119002.15
62673,Customer_62673,7,118893.67
84982,Customer_84982,7,118885.81
95987,Customer_95987,7,118808.87
31867,Customer_31867,7,118790.45
12416,Customer_12416,7,118779.52
29373,Customer_29373,7,118772.07
20948,Customer_20948,7,118734.16
48611,Customer_48611,7,118720.14
94768,Customer_94768,7,118717.95
35354,Customer_35354,7,118666.17
94084,Customer_94084,7,118639.41
89232,Customer_89232,7,118635.75
23884,Customer_23884,7,118607.54
8487,Customer_8487,7,118593.35
64874,Customer_64874,7,118583.68
79048,Customer_79048,7,118569.28
33746,Customer_33746,7,118568.85
68808,Customer_68808,7,118533.18
66480,Customer_66480,7,118518.66
55180,Customer_55180,7,118507.02
14779,Customer_14779,7,118436.29
6873,Customer_6873,7,118423.64
27285,Customer_27285,7,118397.14
51662,Customer_51662,7,118395.53
22913,Customer_22913,7,118347.34
37504,Customer_37504,7,118330.32
74460,Customer_74460,7,118324.72
46175,Customer_46175,7,118315.08
8388,Customer_8388,7,118312.13
20891,Customer_20891,7,118282.58
72774,Customer_72774,7,118271.36
48234,Customer_48234,7,118259.95
34591,Customer_34591,7,118244.0
15642,Customer_15642,7,118218.16
87296,Customer_87296,7,118176.83
73311,Customer_73311,7,118176.17
80943,Customer_80943,7,118172.33
38803,Customer_38803,7,118012.22
88260,Customer_88260,7,117993.38
80509,Customer_80509,7,117971.34
23891,Customer_23891,7,117967.72
42725,Customer_42725,7,117910.42
40751,Customer_40751,7,117891.06
10663,Customer_10663,7,117883.7
65384,Customer_65384,7,117878.61
88443,Customer_88443,7,117874.59
86884,Customer_86884,7,117801.72
38665,Customer_38665,7,117795.93
89091,Customer_89091,7,117794.85
18508,Customer_18508,7,117748.13
41023,Customer_41023,7,117710.54
74324,Customer_74324,7,117677.62999999999
11903,Customer_11903,7,117658.81
75767,Customer_75767,7,117653.91
77516,Customer_77516,7,117644.02
81409,Customer_81409,7,117594.34999999999
97920,Customer_97920,7,117591.17
59938,Customer_59938,7,117580.99
28380,Customer_28380,7,117580.92
9923,Customer_9923,7,117552.43
96639,Customer_96639,7,117529.89
12721,Customer_12721,7,117468.46
5974,Customer_5974,7,117443.65
44714,Customer_44714,7,117429.54
76828,Customer_76828,7,117418.04
61064,Customer_61064,7,117377.79
71276,Customer_71276,7,117328.78
48221,Customer_48221,7,117322.58
60275,Customer_60275,7,117307.79
40584,Customer_40584,7,117295.56999999999
82219,Customer_82219,7,117286.62
1790,Customer_1790,7,117269.06999999999
85449,Customer_85449,7,117251.84
75065,Customer_75065,7,117250.92
65286,Customer_65286,7,117201.58
61545,Customer_61545,7,117186.12
74312,Customer_74312,7,117169.05
38114,Customer_38114,7,117152.99
54950,Customer_54950,7,117142.25
96537,Customer_96537,7,117135.15
71669,Customer_71669,7,117129.16
90552,Customer_90552,7,117097.1
20918,Customer_20918,7,117094.89
65125,Customer_65125,7,117092.5
49288,Customer_49288,7,117055.62
26593,Customer_26593,7,117043.0
48202,Customer_48202,7,116987.72
44250,Customer_44250,7,116941.33
78919,Customer_78919,7,116924.76000000001
54928,Customer_54928,7,116921.93000000001
11923,Customer_11923,7,116921.54000000001
74180,Customer_74180,7,116919.84
22573,Customer_22573,7,116910.36
79074,Customer_79074,7,116897.72
55435,Customer_55435,7,116865.81
90487,Customer_90487,7,116849.40000000001
35727,Customer_35727,7,116813.20999999999
3147,Customer_3147,7,116750.64
67536,Customer_67536,7,116736.66
61750,Customer_61750,7,116732.77
53520,Customer_53520,7,116731.29
36188,Customer_36188,7,116661.84
60083,Customer_60083,7,116659.65
27942,Customer_27942,7,116626.28
6629,Customer_6629,7,116582.45
54506,Customer_54506,7,116578.29
98647,Customer_98647,7,116556.39
97766,Customer_97766,7,116513.65
12432,Customer_12432,7,116508.19
86750,Customer_86750,7,116462.11
98555,Customer_98555,7,116435.76
89253,Customer_89253,7,116378.69
44303,Customer_44303,7,116377.87
75352,Customer_75352,7,116373.55
90163,Customer_90163,7,116343.86
12906,Customer_12906,7,116328.58
59033,Customer_59033,7,116325.29
99533,Customer_99533,7,116286.31
59317,Customer_59317,7,116256.71
82895,Customer_82895,7,116252.53
51245,Customer_51245,7,116245.04
59223,Customer_59223,7,116242.01
57273,Customer_57273,7,116237.59
99489,Customer_99489,7,116231.53
86250,Customer_86250,7,116212.1
47906,Customer_47906,7,116189.64
56666,Customer_56666,7,116184.64
80574,Customer_80574,7,116181.73
65639,Customer_65639,7,116157.86
922,Customer_922,7,116156.72
33204,Customer_33204,7,116126.89
2659,Customer_2659,7,116119.88
14309,Customer_14309,7,116108.39
47231,Customer_47231,7,116080.17
95906,Customer_95906,7,116006.53
90973,Customer_90973,7,116000.44
27963,Customer_27963,7,115995.79
75260,Customer_75260,7,115995.61
69224,Customer_69224,7,115956.83
46622,Customer_46622,7,115953.39
68544,Customer_68544,7,115948.79
62428,Customer_62428,7,115927.38
24871,Customer_24871,7,115914.55
99450,Customer_99450,7,115884.76
58692,Customer_58692,7,115872.31
53864,Customer_53864,7,115843.13
73712,Customer_73712,7,115842.59
46060,Customer_46060,7,115805.04000000001
53183,Customer_53183,7,115781.08
16864,Customer_16864,7,115768.73000000001
69369,Customer_69369,7,115759.04
25727,Customer_25727,7,115744.43
82558,Customer_82558,7,115735.17
41868,Customer_41868,7,115727.2
29829,Customer_29829,7,115684.27
60633,Customer_60633,7,115664.83
55229,Customer_55229,7,115649.98
54814,Customer_54814,7,115639.16
65785,Customer_65785,7,115620.42
72304,Customer_72304,7,115573.18
21974,Customer_21974,7,115564.64
98312,Customer_98312,7,115543.35
90577,Customer_90577,7,115539.83
10571,Customer_10571,7,115536.37
22990,Customer_22990,7,115511.69
32205,Customer_32205,7,115509.42
78166,Customer_78166,7,115486.99
22058,Customer_22058,7,115458.14
98561,Customer_98561,7,115381.67
58447,Customer_58447,7,115252.62
42624,Customer_42624,7,115240.58
86502,Customer_86502,7,115231.65
24956,Customer_24956,7,115217.02
8074,Customer_8074,7,115214.44
35775,Customer_35775,7,115203.46
42872,Customer_42872,7,115191.88
79638,Customer_79638,7,115151.56
28078,Customer_28078,7,115138.03
69859,Customer_69859,7,115114.17
66097,Customer_66097,7,115114.06999999999
4632,Customer_4632,7,115104.0
12359,Customer_12359,7,115097.52
12037,Customer_12037,7,115092.32
30759,Customer_30759,7,115090.81
81439,Customer_81439,7,115069.0
2228,Customer_2228,7,115067.52
41105,Customer_41105,7,115055.85
71315,Customer_71315,7,115041.95
43790,Customer_43790,7,115033.01
26761,Customer_26761,7,115020.65
51394,Customer_51394,7,114994.07
72118,Customer_72118,7,114990.38
94674,Customer_94674,7,114987.89
6970,Customer_6970,7,114982.74
55720,Customer_55720,7,114973.0
70435,Customer_70435,7,114954.78
30432,Customer_30432,7,114940.28
91566,Customer_91566,7,114934.62
47876,Customer_47876,7,114926.81
79301,Customer_79301,7,114872.07
69823,Customer_69823,7,114865.45999999999
64716,Customer_64716,7,114840.63
81824,Customer_81824,7,114818.39
34368,Customer_34368,7,114805.12
59764,Customer_59764,7,114779.65
41325,Customer_41325,7,114772.56999999999
56431,Customer_56431,7,114770.17
42065,Customer_42065,7,114760.1
33353,Customer_33353,7,114744.93000000001
65403,Customer_65403,7,114741.67
88866,Customer_88866,7,114690.47
58191,Customer_58191,7,114658.26
52365,Customer_52365,7,114632.95
75924,Customer_75924,7,114628.88
92138,Customer_92138,7,114615.63
84541,Customer_84541,7,114610.56999999999
54531,Customer_54531,7,114589.33
24497,Customer_24497,7,114588.15
61225,Customer_61225,7,114505.05
39879,Customer_39879,7,114487.45
35827,Customer_35827,7,114467.64
6478,Customer_6478,7,114430.47
87217,Customer_87217,7,114421.95999999999
6251,Customer_6251,7,114419.06
59287,Customer_59287,7,114402.34
4040,Customer_4040,7,114392.21
85576,Customer_85576,7,114327.73999999999
67510,Customer_67510,7,114326.89
41860,Customer_41860,7,114282.75
46178,Customer_46178,7,114277.98
50142,Customer_50142,7,114267.32
65362,Customer_65362,7,114266.68
24372,Customer_24372,7,114205.0
84255,Customer_84255,7,114202.45
87986,Customer_87986,7,114202.07
57555,Customer_57555,7,114167.29
94513,Customer_94513,7,114142.11
83671,Customer_83671,7,114093.11
34655,Customer_34655,7,114087.12
80836,Customer_80836,7,114025.6
62708,Customer_62708,7,114017.98
18867,Customer_18867,7,114007.27
11944,Customer_11944,7,113979.03
94056,Customer_94056,7,113922.52
97390,Customer_97390,7,113917.85
456,Customer_456,7,113905.52
16500,Customer_16500,7,113866.87000000001
11843,Customer_11843,7,113849.56
72050,Customer_72050,7,113828.2
78033,Customer_78033,7,113807.36
91933,Customer_91933,7,113774.79000000001
72270,Customer_72270,7,113744.74
67605,Customer_67605,7,113743.46
981,Customer_981,7,113732.44
66311,Customer_66311,7,113695.87
16866,Customer_16866,7,113685.36
63619,Customer_63619,7,113667.99
8223,Customer_8223,7,113650.09
569,Customer_569,7,113633.9
86955,Customer_86955,7,113626.79
76071,Customer_76071,7,113621.25
85855,Customer_85855,7,113605.37
18939,Customer_18939,7,113559.05
16153,Customer_16153,7,113519.6
870,Customer_870,7,113514.20999999999
43068,Customer_43068,7,113509.95
8466,Customer_8466,7,113420.33
62659,Customer_62659,7,113408.31
2585,Customer_2585,7,113397.3
53768,Customer_53768,7,113366.56999999999
70328,Customer_70328,7,113362.48
56168,Customer_56168,7,113286.23999999999
9599,Customer_9599,7,113272.13
97809,Customer_97809,7,113243.24
63999,Customer_63999,7,113238.5
14797,Customer_14797,7,113202.85
47387,Customer_47387,7,113191.61
91267,Customer_91267,7,113189.33
67892,Customer_67892,7,113176.14
12995,Customer_12995,7,113165.76
73753,Customer_73753,7,113160.88
39919,Customer_39919,7,113112.65
83413,Customer_83413,7,113057.82
94246,Customer_94246,7,113021.62
13445,Customer_13445,7,112979.71
81406,Customer_81406,7,112952.31
35220,Customer_35220,7,112947.31
24557,Customer_24557,7,112930.39
76576,Customer_76576,7,112912.55
14140,Customer_14140,7,112911.01
3424,Customer_3424,7,112909.3
99204,Customer_99204,7,112897.51999999999
70415,Customer_70415,7,112879.88
67104,Customer_67104,7,112868.43000000001
14204,Customer_14204,7,112855.53
97897,Customer_97897,7,112851.42
36872,Customer_36872,7,112850.65
34687,Customer_34687,7,112820.17
92458,Customer_92458,7,112799.91
55319,Customer_55319,7,112779.49
39978,Customer_39978,7,112768.87
40038,Customer_40038,7,112767.14
33876,Customer_33876,7,112741.3
4112,Customer_4112,7,112684.38
18333,Customer_18333,7,112680.1
26491,Customer_26491,7,112671.58
48416,Customer_48416,7,112646.4
34337,Customer_34337,7,112631.94
65512,Customer_65512,7,112595.19
17636,Customer_17636,7,112586.49
35105,Customer_35105,7,112583.57
29813,Customer_29813,7,112563.03
74372,Customer_74372,7,112545.69
33415,Customer_33415,7,112524.76
34772,Customer_34772,7,112510.57
23524,Customer_23524,7,112496.02
32853,Customer_32853,7,112465.96
88060,Customer_88060,7,112460.44
58579,Customer_58579,7,112453.11
69417,Customer_69417,7,112442.22
45308,Customer_45308,7,112427.93000000001
79222,Customer_79222,7,112415.67
45763,Customer_45763,7,112413.56999999999
71232,Customer_71232,7,112400.09
61076,Customer_61076,7,112396.65
49396,Customer_49396,7,112380.76
9107,Customer_9107,7,112368.89
88478,Customer_88478,7,112366.2
6930,Customer_6930,7,112363.44
85204,Customer_85204,7,112348.23
92974,Customer_92974,7,112340.72
27950,Customer_27950,7,112333.37
31408,Customer_31408,7,112327.84
73759,Customer_73759,7,112327.34
39753,Customer_39753,7,112326.39
7860,Customer_7860,7,112325.3
91553,Customer_91553,7,112314.77
37351,Customer_37351,7,112307.77
49414,Customer_49414,7,112300.23
95516,Customer_95516,7,112294.64
89686,Customer_89686,7,112283.25
44219,Customer_44219,7,112264.52
27051,Customer_27051,7,112254.65
80469,Customer_80469,7,112244.43
58999,Customer_58999,7,112223.14
91149,Customer_91149,7,112204.77
78702,Customer_78702,7,112203.5
91737,Customer_91737,7,112182.91
40259,Customer_40259,7,112175.88
60080,Customer_60080,7,112161.66
33546,Customer_33546,7,112145.66
39770,Customer_39770,7,112145.14
21328,Customer_21328,7,112136.95999999999
38684,Customer_38684,7,112135.72
75539,Customer_75539,7,112105.27
53834,Customer_53834,7,112071.8
2744,Customer_2744,7,111986.23
25913,Customer_25913,7,111980.58
73846,Customer_73846,7,111975.42
5662,Customer_5662,7,111923.11
37552,Customer_37552,7,111916.66
63759,Customer_63759,7,111895.78
99217,Customer_99217,7,111891.74
67364,Customer_67364,7,111858.54000000001
69010,Customer_69010,7,111790.06
90238,Customer_90238,7,111786.16
75700,Customer_75700,7,111784.44
59950,Customer_59950,7,111762.41
94603,Customer_94603,7,111761.81
44868,Customer_44868,7,111746.59
43749,Customer_43749,7,111738.2
57760,Customer_57760,7,111719.67
72650,Customer_72650,7,111714.17
70341,Customer_70341,7,111706.87
5415,Customer_5415,7,111703.52
5116,Customer_5116,7,111656.37000000001
92283,Customer_92283,7,111648.57
98476,Customer_98476,7,111648.53
22660,Customer_22660,7,111599.88
60118,Customer_60118,7,111587.56
31753,Customer_31753,7,111576.01
53194,Customer_53194,7,111561.23
26544,Customer_26544,7,111535.35
16626,Customer_16626,7,111506.49
27779,Customer_27779,7,111468.54
21099,Customer_21099,7,111468.27
2906,Customer_2906,7,111460.67
95921,Customer_95921,7,111444.63
22961,Customer_22961,7,111442.13
62740,Customer_62740,7,111439.64
40954,Customer_40954,7,111398.74
29790,Customer_29790,7,111394.25
66221,Customer_66221,7,111379.42
86298,Customer_86298,7,111378.29
45530,Customer_45530,7,111335.39
88737,Customer_88737,7,111328.94
44315,Customer_44315,7,111301.17
72053,Customer_72053,7,111301.09
13302,Customer_13302,7,111293.62
29257,Customer_29257,7,111293.61
56094,Customer_56094,7,111270.13
11973,Customer_11973,7,111265.75
49707,Customer_49707,7,111265.17
3684,Customer_3684,7,111263.35
26467,Customer_26467,7,111257.26
30046,Customer_30046,7,111255.72
94636,Customer_94636,7,111233.77
40456,Customer_40456,7,111227.06999999999
90970,Customer_90970,7,111172.63
43588,Customer_43588,7,111164.06999999999
81024,Customer_81024,7,111143.29
42860,Customer_42860,7,111102.31
53063,Customer_53063,7,111079.24
55693,Customer_55693,7,111071.36
35845,Customer_35845,7,111065.31
54232,Customer_54232,7,111052.0
50517,Customer_50517,7,111045.05
1111,Customer_1111,7,111043.87
47686,Customer_47686,7,111041.68
45448,Customer_45448,7,111022.05
77940,Customer_77940,7,111006.27
37921,Customer_37921,7,110999.92
47958,Customer_47958,7,110987.53
71837,Customer_71837,7,110982.01000000001
94552,Customer_94552,7,110980.83
60620,Customer_60620,7,110953.51
39845,Customer_39845,7,110930.66
91880,Customer_91880,7,110917.67
87670,Customer_87670,7,110905.14
63551,Customer_63551,7,110904.59
43101,Customer_43101,7,110866.4
66892,Customer_66892,7,110852.39
99764,Customer_99764,7,110849.9
44192,Customer_44192,7,110843.09
37066,Customer_37066,7,110841.07
12140,Customer_12140,7,110808.78
80747,Customer_80747,7,110774.48
6550,Customer_6550,7,110763.58
21217,Customer_21217,7,110743.25
24279,Customer_24279,7,110725.37
19559,Customer_19559,7,110721.3
79569,Customer_79569,7,110721.29
64192,Customer_64192,7,110686.88
58561,Customer_58561,7,110674.97
51087,Customer_51087,7,110669.70999999999
24012,Customer_24012,7,110669.36
45665,Customer_45665,7,110666.42
77411,Customer_77411,7,110658.14
86009,Customer_86009,7,110643.58
46584,Customer_46584,7,110641.83
13313,Customer_13313,7,110637.84
24362,Customer_24362,7,110621.43
64437,Customer_64437,7,110611.22
5490,Customer_5490,7,110594.78
84988,Customer_84988,7,110560.88
39934,Customer_39934,7,110557.86
91754,Customer_91754,7,110535.17
90716,Customer_90716,7,110522.94
87255,Customer_87255,7,110515.63
95997,Customer_95997,7,110504.94
89594,Customer_89594,7,110500.56
76167,Customer_76167,7,110496.91
59002,Customer_59002,7,110486.86
40048,Customer_40048,7,110485.29000000001
27581,Customer_27581,7,110457.51
60682,Customer_60682,7,110450.95
58697,Customer_58697,7,110443.03
46518,Customer_46518,7,110411.86
55961,Customer_55961,7,110383.52
89236,Customer_89236,7,110377.53
2949,Customer_2949,7,110332.23
50653,Customer_50653,7,110325.27
94353,Customer_94353,7,110296.93000000001
30176,Customer_30176,7,110290.27
73240,Customer_73240,7,110282.69
30204,Customer_30204,7,110267.26
69621,Customer_69621,7,110265.31
49611,Customer_49611,7,110261.58
94543,Customer_94543,7,110215.54000000001
43949,Customer_43949,7,110207.08
63411,Customer_63411,7,110203.63
83932,Customer_83932,7,110195.88
14152,Customer_14152,7,110183.74
74531,Customer_74531,7,110170.14
56382,Customer_56382,7,110161.15
1810,Customer_1810,7,110156.72
39446,Customer_39446,7,110153.97
49038,Customer_49038,7,110139.90000000001
52545,Customer_52545,7,110139.19
21081,Customer_21081,7,110121.44
89728,Customer_89728,7,110119.91
80003,Customer_80003,7,110116.33
28828,Customer_28828,7,110105.27
61909,Customer_61909,7,110089.65
38468,Customer_38468,7,110084.32
44093,Customer_44093,7,110079.02
83014,Customer_83014,7,110070.6
13637,Customer_13637,7,110069.9
9726,Customer_9726,7,110068.59999999999
98295,Customer_98295,7,110058.65
45000,Customer_45000,7,110050.51
54807,Customer_54807,7,110047.89
94506,Customer_94506,7,110027.21
81843,Customer_81843,7,110025.2
19830,Customer_19830,7,110004.92
5648,Customer_5648,7,109996.78
96278,Customer_96278,7,109951.83
13644,Customer_13644,7,109920.53
41881,Customer_41881,7,109913.14
64868,Customer_64868,7,109879.0
53270,Customer_53270,7,109869.05
16147,Customer_16147,7,109853.62
36064,Customer_36064,7,109841.19
33792,Customer_33792,7,109834.8
80413,Customer_80413,7,109811.6
8503,Customer_8503,7,109807.61
73769,Customer_73769,7,109802.73999999999
44150,Customer_44150,7,109797.83
70786,Customer_70786,7,109794.29000000001
45390,Customer_45390,7,109770.73
6216,Customer_6216,7,109766.64
73097,Customer_73097,7,109760.61
98884,Customer_98884,7,109744.48
9453,Customer_9453,7,109735.03
90203,Customer_90203,7,109729.63
74734,Customer_74734,7,109719.66
37810,Customer_37810,7,109706.92
96787,Customer_96787,7,109702.89
55584,Customer_55584,7,109702.28
5093,Customer_5093,7,109676.06
57699,Customer_57699,7,109660.79
99413,Customer_99413,7,109650.62
12632,Customer_12632,7,109633.56999999999
13394,Customer_13394,7,109627.56
59554,Customer_59554,7,109624.45
44966,Customer_44966,7,109611.2
1543,Customer_1543,7,109609.76
2861,Customer_2861,7,109535.3
69365,Customer_69365,7,109530.84
92277,Customer_92277,7,109525.75
27928,Customer_27928,7,109508.02
80462,Customer_80462,7,109502.06
56531,Customer_56531,7,109495.94
10254,Customer_10254,7,109492.38
98920,Customer_98920,7,109485.62
67145,Customer_67145,7,109458.63
40727,Customer_40727,7,109443.69
5738,Customer_5738,7,109434.45
39551,Customer_39551,7,109432.05
10313,Customer_10313,7,109431.24
14978,Customer_14978,7,109412.03
2418,Customer_2418,7,109376.11
29806,Customer_29806,7,109373.99
81640,Customer_81640,7,109368.5
97976,Customer_97976,7,109365.86
14261,Customer_14261,7,109322.06
57600,Customer_57600,7,109314.53
46554,Customer_46554,7,109308.01
4115,Customer_4115,7,109307.04
25546,Customer_25546,7,109292.08
30202,Customer_30202,7,109269.32
10432,Customer_10432,7,109257.99
35450,Customer_35450,7,109224.42
96506,Customer_96506,7,109219.7
60123,Customer_60123,7,109214.25
88071,Customer_88071,7,109201.24
33595,Customer_33595,7,109200.11
15178,Customer_15178,7,109197.01
75916,Customer_75916,7,109194.4
22790,Customer_22790,7,109185.79
44027,Customer_44027,7,109176.64
39579,Customer_39579,7,109169.16
62676,Customer_62676,7,109126.85
74793,Customer_74793,7,109126.43
2793,Customer_2793,7,109098.28
93761,Customer_93761,7,109065.92
85749,Customer_85749,7,109065.03
6388,Customer_6388,7,109037.95
83153,Customer_83153,7,109031.2
52900,Customer_52900,7,109024.79
91054,Customer_91054,7,109013.56999999999
91591,Customer_91591,7,109013.09
65160,Customer_65160,7,109007.71
18249,Customer_18249,7,108962.59999999999
43145,Customer_43145,7,108960.7
63135,Customer_63135,7,108957.98
82595,Customer_82595,7,108955.21
76896,Customer_76896,7,108952.2
14457,Customer_14457,7,108937.04
63259,Customer_63259,7,108936.17
39598,Customer_39598,7,108930.54000000001
59452,Customer_59452,7,108924.55
87395,Customer_87395,7,108894.89
75712,Customer_75712,7,108880.38
21444,Customer_21444,7,108878.66
60321,Customer_60321,7,108877.45
44671,Customer_44671,7,108869.25
79869,Customer_79869,7,108855.81999999999
94403,Customer_94403,7,108844.5
39361,Customer_39361,7,108824.57
17994,Customer_17994,7,108796.43000000001
84412,Customer_84412,7,108777.01
74912,Customer_74912,7,108746.7
60073,Customer_60073,7,108732.65
99825,Customer_99825,7,108732.45999999999
93598,Customer_93598,7,108726.81
76328,Customer_76328,7,108725.96
30026,Customer_30026,7,108698.81999999999
81656,Customer_81656,7,108684.19
16251,Customer_16251,7,108671.73
97378,Customer_97378,7,108657.04
37995,Customer_37995,7,108625.11
83714,Customer_83714,7,108617.29
65393,Customer_65393,7,108615.09999999999
46160,Customer_46160,7,108610.56
65540,Customer_65540,7,108603.75
66476,Customer_66476,7,108601.95
67658,Customer_67658,7,108584.0
13636,Customer_13636,7,108577.97
39275,Customer_39275,7,108558.41
62605,Customer_62605,7,108556.53
23102,Customer_23102,7,108547.63
14365,Customer_14365,7,108545.54
47252,Customer_47252,7,108540.87
91310,Customer_91310,7,108535.45
72669,Customer_72669,7,108533.24
80212,Customer_80212,7,108529.99
19201,Customer_19201,7,108529.62
4369,Customer_4369,7,108528.38
86308,Customer_86308,7,108523.12
91840,Customer_91840,7,108520.05
72216,Customer_72216,7,108496.5
88309,Customer_88309,7,108486.72
35430,Customer_35430,7,108460.71
18890,Customer_18890,7,108455.26
55506,Customer_55506,7,108453.81999999999
47320,Customer_47320,7,108449.1
60926,Customer_60926,7,108443.84
32360,Customer_32360,7,108436.90000000001
97767,Customer_97767,7,108423.2
74426,Customer_74426,7,108409.25
43495,Customer_43495,7,108409.16
63,Customer_63,7,108402.88
57859,Customer_57859,7,108394.0
35927,Customer_35927,7,108371.67
80018,Customer_80018,7,108353.52
42472,Customer_42472,7,108333.2
31375,Customer_31375,7,108328.53
48858,Customer_48858,7,108326.47
71297,Customer_71297,7,108318.56999999999
68433,Customer_68433,7,108316.27
98275,Customer_98275,7,108308.24
28147,Customer_28147,7,108299.16
33640,Customer_33640,7,108298.61
5558,Customer_5558,7,108254.89
15475,Customer_15475,7,108254.04000000001
33998,Customer_33998,7,108246.62
51178,Customer_51178,7,108244.39
42828,Customer_42828,7,108236.55
29268,Customer_29268,7,108225.70999999999
45106,Customer_45106,7,108221.63
2429,Customer_2429,7,108211.24
18028,Customer_18028,7,108207.73
99884,Customer_99884,7,108189.95
10346,Customer_10346,7,108185.61
16197,Customer_16197,7,108181.08
49296,Customer_49296,7,108166.33
26395,Customer_26395,7,108162.66
30612,Customer_30612,7,108161.33
3748,Customer_3748,7,108151.2
34015,Customer_34015,7,108150.15
15828,Customer_15828,7,108148.48
98988,Customer_98988,7,108130.93
51058,Customer_51058,7,108103.67
52617,Customer_52617,7,108094.03
27885,Customer_27885,7,108089.12
17036,Customer_17036,7,108082.98999999999
16824,Customer_16824,7,108080.93000000001
51637,Customer_51637,7,108056.03
2083,Customer_2083,7,108054.02
62524,Customer_62524,7,108044.53
66023,Customer_66023,7,108023.3
40242,Customer_40242,7,108021.44
48681,Customer_48681,7,108019.53
53304,Customer_53304,7,107998.88
73073,Customer_73073,7,107997.66
72878,Customer_72878,7,107986.39
58834,Customer_58834,7,107965.53
29958,Customer_29958,7,107964.12
8958,Customer_8958,7,107948.57
73824,Customer_73824,7,107933.02
73285,Customer_73285,7,107925.06999999999
3202,Customer_3202,7,107901.28
92377,Customer_92377,7,107880.44
96649,Customer_96649,7,107869.96
23701,Customer_23701,7,107862.67
56198,Customer_56198,7,107858.28
61838,Customer_61838,7,107827.34
22888,Customer_22888,7,107817.55
52297,Customer_52297,7,107812.68
18270,Customer_18270,7,107809.99
21280,Customer_21280,7,107784.64
25688,Customer_25688,7,107772.83
19088,Customer_19088,7,107769.79
82305,Customer_82305,7,107764.67
51060,Customer_51060,7,107763.67
2701,Customer_2701,7,107741.61
56650,Customer_56650,7,107732.32
1548,Customer_1548,7,107723.84
3319,Customer_3319,7,107716.08
17741,Customer_17741,7,107715.3
41806,Customer_41806,7,107702.57
16518,Customer_16518,7,107700.84
14003,Customer_14003,7,107674.09
13032,Customer_13032,7,107667.05
14325,Customer_14325,7,107658.18000000001
16964,Customer_16964,7,107648.49
34491,Customer_34491,7,107640.3
24441,Customer_24441,7,107637.83
73993,Customer_73993,7,107629.58
5255,Customer_5255,7,107610.5
79751,Customer_79751,7,107577.18
86151,Customer_86151,7,107559.67
76239,Customer_76239,7,107556.77
90723,Customer_90723,7,107551.67
98228,Customer_98228,7,107547.09
87689,Customer_87689,7,107528.35
45831,Customer_45831,7,107522.6
23114,Customer_23114,7,107519.19
37556,Customer_37556,7,107516.24
11201,Customer_11201,7,107511.4
60342,Customer_60342,7,107506.02
75893,Customer_75893,7,107487.21
32174,Customer_32174,7,107487.01
32989,Customer_32989,7,107481.47
74275,Customer_74275,7,107474.02
73284,Customer_73284,7,107471.62
9376,Customer_9376,7,107470.1
97583,Customer_97583,7,107463.31999999999
33517,Customer_33517,7,107451.92
33606,Customer_33606,7,107432.69
70753,Customer_70753,7,107420.72
81777,Customer_81777,7,107412.69
80711,Customer_80711,7,107405.37
33095,Customer_33095,7,107401.99
85793,Customer_85793,7,107393.38
91367,Customer_91367,7,107376.9
28635,Customer_28635,7,107368.59
62050,Customer_62050,7,107368.2
73394,Customer_73394,7,107357.39
38603,Customer_38603,7,107309.61
22104,Customer_22104,7,107308.74
91154,Customer_91154,7,107296.19
54306,Customer_54306,7,107282.6
6487,Customer_6487,7,107280.32
85914,Customer_85914,7,107272.28
83407,Customer_83407,7,107270.79
16914,Customer_16914,7,107266.84
16002,Customer_16002,7,107248.73999999999
7936,Customer_7936,7,107246.68
7844,Customer_7844,7,107241.36
95053,Customer_95053,7,107235.75
27209,Customer_27209,7,107235.36
55743,Customer_55743,7,107228.88
97501,Customer_97501,7,107227.05
44588,Customer_44588,7,107224.05
39670,Customer_39670,7,107219.54
23503,Customer_23503,7,107215.06999999999
21069,Customer_21069,7,107179.43000000001
62288,Customer_62288,7,107179.06
68638,Customer_68638,7,107149.15
57455,Customer_57455,7,107139.66
90920,Customer_90920,7,107124.74
91144,Customer_91144,7,107120.72
81060,Customer_81060,7,107096.01
90316,Customer_90316,7,107086.78
80898,Customer_80898,7,107081.82
66714,Customer_66714,7,107054.34
42523,Customer_42523,7,107040.5
8321,Customer_8321,7,107038.62
61892,Customer_61892,7,107029.2
57340,Customer_57340,7,107007.73
40028,Customer_40028,7,106979.42
56368,Customer_56368,7,106958.08
69387,Customer_69387,7,106951.89
52760,Customer_52760,7,106933.88
12017,Customer_12017,7,106928.49
32088,Customer_32088,7,106926.1
13288,Customer_13288,7,106922.27
28741,Customer_28741,7,106920.08
42978,Customer_42978,7,106904.66
54007,Customer_54007,7,106896.8
57498,Customer_57498,7,106876.74
36601,Customer_36601,7,106872.97
45146,Customer_45146,7,106857.12
25990,Customer_25990,7,106851.51
52427,Customer_52427,7,106847.31
77391,Customer_77391,7,106840.20999999999
20979,Customer_20979,7,106835.43000000001
87977,Customer_87977,7,106796.5
97316,Customer_97316,7,106783.84
49087,Customer_49087,7,106772.46
45464,Customer_45464,7,106762.54000000001
33572,Customer_33572,7,106761.08
99910,Customer_99910,7,106753.98999999999
76233,Customer_76233,7,106750.78
67631,Customer_67631,7,106734.26
43210,Customer_43210,7,106728.63
50734,Customer_50734,7,106722.14
77486,Customer_77486,7,106702.39
76602,Customer_76602,7,106690.16
83749,Customer_83749,7,106684.65
5956,Customer_5956,7,106684.19
13341,Customer_13341,7,106678.06
93135,Customer_93135,7,106665.44
97770,Customer_97770,7,106655.57
45539,Customer_45539,7,106630.86
57393,Customer_57393,7,106610.22
42514,Customer_42514,7,106584.88
49053,Customer_49053,7,106580.47
42650,Customer_42650,7,106580.38
80038,Customer_80038,7,106576.93
61879,Customer_61879,7,106571.68000000001
27737,Customer_27737,7,106567.75
84924,Customer_84924,7,106560.62
12054,Customer_12054,7,106551.75
28285,Customer_28285,7,106546.39
62629,Customer_62629,7,106535.82
82656,Customer_82656,7,106530.33
83512,Customer_83512,7,106524.37
81192,Customer_81192,7,106522.42
88223,Customer_88223,7,106519.37
51606,Customer_51606,7,106506.43
348,Customer_348,7,106496.26
76826,Customer_76826,7,106472.29
93694,Customer_93694,7,106467.4
4237,Customer_4237,7,106462.59
69751,Customer_69751,7,106450.53
28630,Customer_28630,7,106449.36
92920,Customer_92920,7,106442.97
71933,Customer_71933,7,106439.72
13759,Customer_13759,7,106437.78
73650,Customer_73650,7,106424.64
85079,Customer_85079,7,106424.19
44834,Customer_44834,7,106411.42
29027,Customer_29027,7,106401.77
77287,Customer_77287,7,106395.99
45797,Customer_45797,7,106389.59
75725,Customer_75725,7,106385.22
1753,Customer_1753,7,106383.7
89243,Customer_89243,7,106365.42
75151,Customer_75151,7,106362.84
55900,Customer_55900,7,106351.63
22304,Customer_22304,7,106349.41
23663,Customer_23663,7,106337.7
2826,Customer_2826,7,106314.05
32721,Customer_32721,7,106290.67
97663,Customer_97663,7,106280.8
41203,Customer_41203,7,106273.57
40412,Customer_40412,7,106271.8
24311,Customer_24311,7,106255.85
50864,Customer_50864,7,106247.56
90666,Customer_90666,7,106240.38
25263,Customer_25263,7,106218.8
20144,Customer_20144,7,106214.43
71949,Customer_71949,7,106206.22
18946,Customer_18946,7,106196.83
44616,Customer_44616,7,106196.8
39136,Customer_39136,7,106191.36
32702,Customer_32702,7,106191.14
21851,Customer_21851,7,106188.16
15906,Customer_15906,7,106186.56
92789,Customer_92789,7,106183.4
88784,Customer_88784,7,106173.99
98762,Customer_98762,7,106171.96
8972,Customer_8972,7,106167.27
71376,Customer_71376,7,106166.61
48667,Customer_48667,7,106152.15
78915,Customer_78915,7,106142.02
78722,Customer_78722,7,106142.02
86236,Customer_86236,7,106135.5
18460,Customer_18460,7,106131.61
69128,Customer_69128,7,106129.55
92370,Customer_92370,7,106126.27
16531,Customer_16531,7,106122.35
28554,Customer_28554,7,106121.83
80742,Customer_80742,7,106116.28
30651,Customer_30651,7,106099.0
59599,Customer_59599,7,106089.1
31021,Customer_31021,7,106074.83
54304,Customer_54304,7,106058.16
86068,Customer_86068,7,106014.74
17227,Customer_17227,7,106011.75
79604,Customer_79604,7,106008.57
26558,Customer_26558,7,106004.34
61578,Customer_61578,7,105981.01
70368,Customer_70368,7,105978.25
85168,Customer_85168,7,105972.84
77121,Customer_77121,7,105970.64
79653,Customer_79653,7,105969.98
90254,Customer_90254,7,105926.91
84169,Customer_84169,7,105923.52
29828,Customer_29828,7,105913.09
39327,Customer_39327,7,105901.87
56644,Customer_56644,7,105899.62
67761,Customer_67761,7,105892.8
91135,Customer_91135,7,105869.85
57940,Customer_57940,7,105855.47
78051,Customer_78051,7,105850.73
53766,Customer_53766,7,105843.65
68160,Customer_68160,7,105834.59
55403,Customer_55403,7,105830.24
50256,Customer_50256,7,105828.77
38514,Customer_38514,7,105828.59
80927,Customer_80927,7,105824.69
54244,Customer_54244,7,105821.59
87586,Customer_87586,7,105813.67
76490,Customer_76490,7,105804.70999999999
26786,Customer_26786,7,105782.26
50528,Customer_50528,7,105781.91
47973,Customer_47973,7,105766.27
17867,Customer_17867,7,105736.33
61751,Customer_61751,7,105736.12
21489,Customer_21489,7,105731.51
1897,Customer_1897,7,105718.67
87554,Customer_87554,7,105708.54
50320,Customer_50320,7,105701.92
38376,Customer_38376,7,105698.28
25184,Customer_25184,7,105694.14
83976,Customer_83976,7,105680.97
20708,Customer_20708,7,105654.02
22109,Customer_22109,7,105649.31
61107,Customer_61107,7,105648.16
96657,Customer_96657,7,105622.89
16092,Customer_16092,7,105612.08
9968,Customer_9968,7,105595.91
94215,Customer_94215,7,105581.36
7070,Customer_7070,7,105572.11
31207,Customer_31207,7,105567.31
96020,Customer_96020,7,105564.12
96610,Customer_96610,7,105534.75
68564,Customer_68564,7,105531.58
44316,Customer_44316,7,105495.39
56159,Customer_56159,7,105467.18000000001
3946,Customer_3946,7,105455.0
84324,Customer_84324,7,105438.06
70152,Customer_70152,7,105435.08
26088,Customer_26088,7,105431.84
87621,Customer_87621,7,105419.77
80901,Customer_80901,7,105416.41
86004,Customer_86004,7,105412.86
41081,Customer_41081,7,105387.62
59556,Customer_59556,7,105379.47
3601,Customer_3601,7,105378.26
54214,Customer_54214,7,105369.06
41391,Customer_41391,7,105345.32
2474,Customer_2474,7,105342.28
30229,Customer_30229,7,105337.83
24932,Customer_24932,7,105330.57
19829,Customer_19829,7,105319.11
20575,Customer_20575,7,105308.04000000001
11630,Customer_11630,7,105293.47
50033,Customer_50033,7,105278.16
31655,Customer_31655,7,105275.84
1237,Customer_1237,7,105268.56999999999
98396,Customer_98396,7,105259.90000000001
5126,Customer_5126,7,105258.40000000001
7218,Customer_7218,7,105232.56
73839,Customer_73839,7,105231.98
40698,Customer_40698,7,105223.67
18228,Customer_18228,7,105215.2
41157,Customer_41157,7,105187.1
25644,Customer_25644,7,105181.74
90809,Customer_90809,7,105178.83
38948,Customer_38948,7,105172.14
56889,Customer_56889,7,105154.22
93173,Customer_93173,7,105147.13
5175,Customer_5175,7,105138.44
39150,Customer_39150,7,105131.37
68955,Customer_68955,7,105110.48
45425,Customer_45425,7,105108.54
83891,Customer_83891,7,105105.9
17640,Customer_17640,7,105095.23
61040,Customer_61040,7,105087.12
46249,Customer_46249,7,105085.1
55170,Customer_55170,7,105084.61
62374,Customer_62374,7,105083.68000000001
286,Customer_286,7,105070.95
91544,Customer_91544,7,105070.5
41084,Customer_41084,7,105065.3
46629,Customer_46629,7,105051.26
44457,Customer_44457,7,105050.58
80504,Customer_80504,7,105049.16
23290,Customer_23290,7,105047.19
74128,Customer_74128,7,105042.5
47213,Customer_47213,7,105041.25
87133,Customer_87133,7,105011.68000000001
52272,Customer_52272,7,104997.52
78395,Customer_78395,7,104981.4
38659,Customer_38659,7,104970.44
9298,Customer_9298,7,104969.89
37090,Customer_37090,7,104943.46
68201,Customer_68201,7,104942.54000000001
94230,Customer_94230,7,104938.94
65048,Customer_65048,7,104933.18
21056,Customer_21056,7,104928.33
78413,Customer_78413,7,104927.68
99048,Customer_99048,7,104927.59
61807,Customer_61807,7,104915.4
47839,Customer_47839,7,104908.77
96094,Customer_96094,7,104907.02
82672,Customer_82672,7,104905.22
52828,Customer_52828,7,104899.39
19424,Customer_19424,7,104890.62
83854,Customer_83854,7,104878.65
89989,Customer_89989,7,104866.4
39869,Customer_39869,7,104862.58
97512,Customer_97512,7,104860.26
82732,Customer_82732,7,104858.47
60458,Customer_60458,7,104858.21
32252,Customer_32252,7,104841.38
48293,Customer_48293,7,104832.57
43500,Customer_43500,7,104831.42
39326,Customer_39326,7,104817.25
41850,Customer_41850,7,104815.94
38596,Customer_38596,7,104814.75
52096,Customer_52096,7,104809.75
24852,Customer_24852,7,104808.1
13415,Customer_13415,7,104806.14
51198,Customer_51198,7,104798.45
36655,Customer_36655,7,104770.06
15863,Customer_15863,7,104769.45999999999
9380,Customer_9380,7,104737.53
75794,Customer_75794,7,104737.04
84371,Customer_84371,7,104729.76
39334,Customer_39334,7,104701.82
93607,Customer_93607,7,104688.61
77306,Customer_77306,7,104686.67
90891,Customer_90891,7,104679.01
76930,Customer_76930,7,104676.56
43180,Customer_43180,7,104672.11
52599,Customer_52599,7,104670.77
9996,Customer_9996,7,104667.06
89200,Customer_89200,7,104664.1
59199,Customer_59199,7,104649.67
85696,Customer_85696,7,104642.42
61330,Customer_61330,7,104591.66
50119,Customer_50119,7,104589.88
60965,Customer_60965,7,104585.06
12247,Customer_12247,7,104584.11
74105,Customer_74105,7,104575.26
38700,Customer_38700,7,104573.63
82214,Customer_82214,7,104571.5
94623,Customer_94623,7,104568.51
86719,Customer_86719,7,104565.64
85236,Customer_85236,7,104564.75
24091,Customer_24091,7,104564.64
27116,Customer_27116,7,104557.49
84635,Customer_84635,7,104555.7
44261,Customer_44261,7,104540.41
14723,Customer_14723,7,104534.27
62950,Customer_62950,7,104522.09
81985,Customer_81985,7,104519.51
37692,Customer_37692,7,104501.96
95090,Customer_95090,7,104496.48
65427,Customer_65427,7,104494.38
7104,Customer_7104,7,104481.61
13564,Customer_13564,7,104480.7
21487,Customer_21487,7,104477.41
93487,Customer_93487,7,104455.38
7410,Customer_7410,7,104450.69
17901,Customer_17901,7,104449.01
93570,Customer_93570,7,104434.04000000001
16502,Customer_16502,7,104430.06
24291,Customer_24291,7,104423.07
950,Customer_950,7,104421.58
55099,Customer_55099,7,104421.51
2182,Customer_2182,7,104409.31
87479,Customer_87479,7,104405.96
99936,Customer_99936,7,104401.15
98860,Customer_98860,7,104397.2
4513,Customer_4513,7,104395.83
95321,Customer_95321,7,104383.21
21417,Customer_21417,7,104379.72
56655,Customer_56655,7,104366.05
22737,Customer_22737,7,104365.6
5752,Customer_5752,7,104354.35
32646,Customer_32646,7,104349.70999999999
10673,Customer_10673,7,104348.92
53703,Customer_53703,7,104342.47
95069,Customer_95069,7,104338.89
85633,Customer_85633,7,104338.53
52767,Customer_52767,7,104337.95
28543,Customer_28543,7,104335.46
20765,Customer_20765,7,104318.31
9848,Customer_9848,7,104309.35
15971,Customer_15971,7,104306.09
20922,Customer_20922,7,104275.82
80,Customer_80,7,104271.19
18108,Customer_18108,7,104264.5
5659,Customer_5659,7,104255.74
4419,Customer_4419,7,104250.44
21832,Customer_21832,7,104249.95999999999
48020,Customer_48020,7,104246.23
17203,Customer_17203,7,104245.04
90147,Customer_90147,7,104216.73
40494,Customer_40494,7,104196.06999999999
75917,Customer_75917,7,104181.51
59725,Customer_59725,7,104177.27
923,Customer_923,7,104156.14
55576,Customer_55576,7,104144.74
12244,Customer_12244,7,104143.68
88958,Customer_88958,7,104130.22
45973,Customer_45973,7,104129.73
20010,Customer_20010,7,104112.94
59243,Customer_59243,7,104111.56999999999
76983,Customer_76983,7,104098.6
64306,Customer_64306,7,104087.53
86335,Customer_86335,7,104083.33
24896,Customer_24896,7,104082.83
55417,Customer_55417,7,104082.71
77579,Customer_77579,7,104082.1
60811,Customer_60811,7,104072.83
78217,Customer_78217,7,104056.23
81266,Customer_81266,7,104041.6
11108,Customer_11108,7,104035.73999999999
44492,Customer_44492,7,104032.98999999999
83686,Customer_83686,7,104025.29
61214,Customer_61214,7,104012.3
7322,Customer_7322,7,104011.57
82110,Customer_82110,7,104001.08
54854,Customer_54854,7,103997.83
61532,Customer_61532,7,103996.28
63050,Customer_63050,7,103975.03
50885,Customer_50885,7,103952.12
85936,Customer_85936,7,103948.31999999999
29950,Customer_29950,7,103934.95
22447,Customer_22447,7,103934.3
38106,Customer_38106,7,103914.8
27983,Customer_27983,7,103911.72
75602,Customer_75602,7,103900.06
29964,Customer_29964,7,103893.09
22431,Customer_22431,7,103886.67
57658,Customer_57658,7,103875.9
22500,Customer_22500,7,103873.83
25750,Customer_25750,7,103857.43
50174,Customer_50174,7,103845.66
68013,Customer_68013,7,103834.47
30536,Customer_30536,7,103818.8
71835,Customer_71835,7,103799.38
93789,Customer_93789,7,103789.22
57632,Customer_57632,7,103788.61
13096,Customer_13096,7,103787.52
95885,Customer_95885,7,103787.3
32023,Customer_32023,7,103786.78
79160,Customer_79160,7,103766.61
54050,Customer_54050,7,103755.47
27326,Customer_27326,7,103742.32
83235,Customer_83235,7,103734.73
38894,Customer_38894,7,103725.55
12948,Customer_12948,7,103722.62
83674,Customer_83674,7,103720.25
98285,Customer_98285,7,103714.86
85062,Customer_85062,7,103713.89
31879,Customer_31879,7,103705.49
49664,Customer_49664,7,103701.44
66035,Customer_66035,7,103695.54
71275,Customer_71275,7,103688.9
83416,Customer_83416,7,103687.18
59578,Customer_59578,7,103683.81
78967,Customer_78967,7,103678.78
25178,Customer_25178,7,103669.27
14146,Customer_14146,7,103655.68
13885,Customer_13885,7,103651.01
10449,Customer_10449,7,103649.45
86769,Customer_86769,7,103647.09
4985,Customer_4985,7,103645.96
33848,Customer_33848,7,103629.85
34161,Customer_34161,7,103618.86
34901,Customer_34901,7,103612.99
22576,Customer_22576,7,103608.58
22403,Customer_22403,7,103601.74
33633,Customer_33633,7,103600.91
32117,Customer_32117,7,103586.45
62283,Customer_62283,7,103584.84
3886,Customer_3886,7,103564.13
11075,Customer_11075,7,103557.68
5975,Customer_5975,7,103546.08
88680,Customer_88680,7,103537.36
92665,Customer_92665,7,103532.74
67227,Customer_67227,7,103530.69
87766,Customer_87766,7,103515.35
37228,Customer_37228,7,103504.83
84261,Customer_84261,7,103497.55
27994,Customer_27994,7,103489.75
28508,Customer_28508,7,103488.79
20496,Customer_20496,7,103479.68
55837,Customer_55837,7,103474.21
83013,Customer_83013,7,103474.18
71624,Customer_71624,7,103472.91
20023,Customer_20023,7,103467.93
63975,Customer_63975,7,103466.38
77842,Customer_77842,7,103450.75
64921,Customer_64921,7,103450.69
33492,Customer_33492,7,103435.96
22787,Customer_22787,7,103422.72
47576,Customer_47576,7,103417.68000000001
53401,Customer_53401,7,103387.85
84935,Customer_84935,7,103381.86
8022,Customer_8022,7,103380.74
10709,Customer_10709,7,103354.1
71656,Customer_71656,7,103350.0
40296,Customer_40296,7,103349.34999999999
33048,Customer_33048,7,103348.86
95570,Customer_95570,7,103332.09999999999
84144,Customer_84144,7,103326.02
88441,Customer_88441,7,103320.25
387,Customer_387,7,103313.95
29517,Customer_29517,7,103311.22
76842,Customer_76842,7,103311.08
16593,Customer_16593,7,103299.01
44977,Customer_44977,7,103297.04
60774,Customer_60774,7,103294.79
12586,Customer_12586,7,103286.13
36089,Customer_36089,7,103281.47
19884,Customer_19884,7,103279.28
94956,Customer_94956,7,103279.0
20091,Customer_20091,7,103276.37
24213,Customer_24213,7,103275.43000000001
35906,Customer_35906,7,103263.08
1646,Customer_1646,7,103243.48
84153,Customer_84153,7,103238.08
90485,Customer_90485,7,103222.2
47484,Customer_47484,7,103221.6
6782,Customer_6782,7,103219.16
69244,Customer_69244,7,103216.86
93453,Customer_93453,7,103211.31999999999
31017,Customer_31017,7,103209.49
22962,Customer_22962,7,103180.78
80765,Customer_80765,7,103170.94
25807,Customer_25807,7,103169.48
5376,Customer_5376,7,103168.6
16195,Customer_16195,7,103157.07
10091,Customer_10091,7,103150.39
88197,Customer_88197,7,103140.12
81334,Customer_81334,7,103119.48
77249,Customer_77249,7,103102.31999999999
36059,Customer_36059,7,103101.61
67888,Customer_67888,7,103096.54
17271,Customer_17271,7,103096.35
62073,Customer_62073,7,103089.34999999999
16420,Customer_16420,7,103085.62
92963,Customer_92963,7,103082.06
98879,Customer_98879,7,103074.97
97091,Customer_97091,7,103054.94
72452,Customer_72452,7,103042.29
39146,Customer_39146,7,103039.24
13612,Customer_13612,7,103034.18
85767,Customer_85767,7,103034.17
79495,Customer_79495,7,103029.75
23686,Customer_23686,7,103019.17
90501,Customer_90501,7,103000.24
44937,Customer_44937,7,102997.85
21723,Customer_21723,7,102993.79
82570,Customer_82570,7,102991.23999999999
1604,Customer_1604,7,102983.2
53876,Customer_53876,7,102982.45
20707,Customer_20707,7,102981.17
82636,Customer_82636,7,102967.56
46011,Customer_46011,7,102952.91
56283,Customer_56283,7,102950.71
98455,Customer_98455,7,102925.0
51925,Customer_51925,7,102922.39
82392,Customer_82392,7,102898.81
27924,Customer_27924,7,102898.04
86892,Customer_86892,7,102889.0
60162,Customer_60162,7,102885.96
61572,Customer_61572,7,102885.72
4636,Customer_4636,7,102883.89
16540,Customer_16540,7,102873.14
52380,Customer_52380,7,102865.64
83418,Customer_83418,7,102864.94
52729,Customer_52729,7,102856.68
2033,Customer_2033,7,102852.57
88596,Customer_88596,7,102849.59
24343,Customer_24343,7,102837.29000000001
13050,Customer_13050,7,102830.59999999999
73989,Customer_73989,7,102827.48
30140,Customer_30140,7,102826.18
36940,Customer_36940,7,102807.38
66081,Customer_66081,7,102805.91
26138,Customer_26138,7,102800.08
84641,Customer_84641,7,102786.05
87397,Customer_87397,7,102784.75
59711,Customer_59711,7,102781.45
79127,Customer_79127,7,102774.02
80242,Customer_80242,7,102767.06
41229,Customer_41229,7,102766.99
22319,Customer_22319,7,102765.18
40136,Customer_40136,7,102764.33
26866,Customer_26866,7,102753.23
14101,Customer_14101,7,102749.09
51796,Customer_51796,7,102748.47
54096,Customer_54096,7,102741.29
26909,Customer_26909,7,102731.21
30022,Customer_30022,7,102708.13
73207,Customer_73207,7,102700.55
34497,Customer_34497,7,102694.4
962,Customer_962,7,102676.38
51373,Customer_51373,7,102674.65
32219,Customer_32219,7,102666.1
85303,Customer_85303,7,102644.12
45754,Customer_45754,7,102642.77
62363,Customer_62363,7,102624.97
64216,Customer_64216,7,102624.53
85132,Customer_85132,7,102621.88
76743,Customer_76743,7,102619.84
69759,Customer_69759,7,102610.92
74302,Customer_74302,7,102603.17
5620,Customer_5620,7,102598.5
6494,Customer_6494,7,102597.84
83243,Customer_83243,7,102582.15
15445,Customer_15445,7,102581.95
83896,Customer_83896,7,102580.69
53088,Customer_53088,7,102568.83
34018,Customer_34018,7,102564.65
2364,Customer_2364,7,102563.59
96707,Customer_96707,7,102555.05
77855,Customer_77855,7,102554.89
74084,Customer_74084,7,102550.65
73776,Customer_73776,7,102548.89
8877,Customer_8877,7,102545.41
38403,Customer_38403,7,102544.54000000001
20078,Customer_20078,7,102525.75
81802,Customer_81802,7,102518.65
477,Customer_477,7,102507.45
50857,Customer_50857,7,102506.34
26278,Customer_26278,7,102497.98
2535,Customer_2535,7,102496.53
61181,Customer_61181,7,102493.13
22192,Customer_22192,7,102491.42
55690,Customer_55690,7,102491.08
36464,Customer_36464,7,102486.67
79759,Customer_79759,7,102482.4
24549,Customer_24549,7,102476.33
43536,Customer_43536,7,102467.51
69742,Customer_69742,7,102464.57
23642,Customer_23642,7,102457.9
31272,Customer_31272,7,102451.57
74432,Customer_74432,7,102449.53
2124,Customer_2124,7,102444.65
78546,Customer_78546,7,102439.29000000001
59677,Customer_59677,7,102432.7
87720,Customer_87720,7,102426.88
73482,Customer_73482,7,102414.14
84971,Customer_84971,7,102397.73999999999
91231,Customer_91231,7,102388.77
51314,Customer_51314,7,102375.22
73397,Customer_73397,7,102373.18
51310,Customer_51310,7,102364.79
45339,Customer_45339,7,102362.71
39841,Customer_39841,7,102356.41
84312,Customer_84312,7,102352.83
24576,Customer_24576,7,102349.38
47892,Customer_47892,7,102346.22
33036,Customer_33036,7,102337.55
39244,Customer_39244,7,102313.95999999999
44567,Customer_44567,7,102307.91
98049,Customer_98049,7,102307.85
96757,Customer_96757,7,102303.79
51194,Customer_51194,7,102292.55
1163,Customer_1163,7,102292.40000000001
78222,Customer_78222,7,102277.09
77263,Customer_77263,7,102272.49
68006,Customer_68006,7,102257.65
15569,Customer_15569,7,102255.17
80105,Customer_80105,7,102248.51
45017,Customer_45017,7,102236.86
94753,Customer_94753,7,102235.89
48981,Customer_48981,7,102227.48
57604,Customer_57604,7,102219.76
57641,Customer_57641,7,102218.55
9283,Customer_9283,7,102218.17
68829,Customer_68829,7,102211.11
85790,Customer_85790,7,102192.23
72775,Customer_72775,7,102191.54
15514,Customer_15514,7,102173.83
70568,Customer_70568,7,102171.39
14323,Customer_14323,7,102169.43000000001
73797,Customer_73797,7,102154.63
51101,Customer_51101,7,102151.46
66655,Customer_66655,7,102132.5
21947,Customer_21947,7,102116.87
76718,Customer_76718,7,102116.31
76659,Customer_76659,7,102110.85
28251,Customer_28251,7,102101.49
75584,Customer_75584,7,102085.58
96480,Customer_96480,7,102084.95
67087,Customer_67087,7,102081.49
96352,Customer_96352,7,102077.7
61015,Customer_61015,7,102071.59
34111,Customer_34111,7,102070.82
99624,Customer_99624,7,102066.93000000001
78128,Customer_78128,7,102058.75
53492,Customer_53492,7,102055.54
64829,Customer_64829,7,102033.05
3856,Customer_3856,7,102027.46
56180,Customer_56180,7,102024.5
70700,Customer_70700,7,102024.36
16657,Customer_16657,7,102015.48
19142,Customer_19142,7,101996.28
25617,Customer_25617,7,101989.93
56389,Customer_56389,7,101987.74
17685,Customer_17685,7,101977.17
33622,Customer_33622,7,101968.14
38012,Customer_38012,7,101965.67
21129,Customer_21129,6,101954.07
69928,Customer_69928,7,101947.17
41205,Customer_41205,7,101944.67
31162,Customer_31162,7,101941.37
36620,Customer_36620,7,101940.04
67671,Customer_67671,7,101936.17
71243,Customer_71243,7,101935.84
6877,Customer_6877,7,101928.95
23118,Customer_23118,7,101927.83
19968,Customer_19968,7,101927.24
62908,Customer_62908,7,101926.11
43929,Customer_43929,7,101925.06
43353,Customer_43353,7,101923.42
78157,Customer_78157,7,101907.43000000001
74466,Customer_74466,7,101906.5
221,Customer_221,7,101904.24
51435,Customer_51435,7,101899.51
2035,Customer_2035,7,101897.41
46611,Customer_46611,7,101893.59
85100,Customer_85100,7,101890.52
26788,Customer_26788,7,101888.05
96371,Customer_96371,7,101885.11
39731,Customer_39731,7,101875.33
78169,Customer_78169,7,101872.15
39561,Customer_39561,7,101867.23
67607,Customer_67607,7,101849.02
62539,Customer_62539,7,101845.14
85923,Customer_85923,7,101831.91
58642,Customer_58642,7,101826.51
28139,Customer_28139,7,101824.56
67498,Customer_67498,7,101814.23999999999
45641,Customer_45641,7,101809.38
30402,Customer_30402,7,101802.75
42550,Customer_42550,7,101797.08
81569,Customer_81569,7,101795.68000000001
18149,Customer_18149,7,101780.7
36698,Customer_36698,7,101768.1
83216,Customer_83216,7,101763.27
54587,Customer_54587,7,101756.99
73891,Customer_73891,7,101756.06
49909,Customer_49909,7,101754.67
9495,Customer_9495,7,101753.41
22150,Customer_22150,7,101750.79000000001
11340,Customer_11340,7,101748.81
84912,Customer_84912,7,101745.77
9776,Customer_9776,7,101729.29
41565,Customer_41565,7,101725.14
13978,Customer_13978,7,101724.17
25226,Customer_25226,7,101712.25
26870,Customer_26870,7,101706.88
50662,Customer_50662,7,101684.42
61790,Customer_61790,7,101675.91
48620,Customer_48620,7,101673.14
38030,Customer_38030,7,101672.8
82138,Customer_82138,7,101671.87
31107,Customer_31107,7,101670.39
34699,Customer_34699,7,101662.2
95567,Customer_95567,7,101656.52
89794,Customer_89794,7,101650.23
53572,Customer_53572,7,101641.8
39320,Customer_39320,7,101622.83
40745,Customer_40745,7,101621.33
43001,Customer_43001,7,101620.7
44063,Customer_44063,7,101614.16
33058,Customer_33058,7,101611.09
46529,Customer_46529,7,101605.65
80233,Customer_80233,7,101604.13
35416,Customer_35416,7,101597.84
13028,Customer_13028,7,101588.45
22879,Customer_22879,7,101588.14
72579,Customer_72579,7,101583.63
81040,Customer_81040,7,101580.19
42318,Customer_42318,7,101570.68
58036,Customer_58036,7,101562.81
8241,Customer_8241,7,101545.4
90262,Customer_90262,7,101539.97
3507,Customer_3507,7,101536.4
81855,Customer_81855,7,101529.01
94113,Customer_94113,7,101528.18000000001
40476,Customer_40476,7,101527.73
45321,Customer_45321,7,101519.47
92777,Customer_92777,7,101517.14
37850,Customer_37850,7,101514.97
67610,Customer_67610,7,101510.67
54570,Customer_54570,7,101509.98999999999
42807,Customer_42807,7,101504.19
75928,Customer_75928,7,101501.31
25051,Customer_25051,7,101500.87
50100,Customer_50100,7,101497.58
50614,Customer_50614,7,101473.61
89007,Customer_89007,7,101453.7
60423,Customer_60423,7,101453.01000000001
31805,Customer_31805,7,101449.73
51513,Customer_51513,7,101448.87
88957,Customer_88957,7,101443.11
66710,Customer_66710,7,101438.42
19057,Customer_19057,7,101435.33
79619,Customer_79619,7,101434.64
52428,Customer_52428,7,101432.54
41686,Customer_41686,7,101423.72
41569,Customer_41569,7,101416.93
20632,Customer_20632,7,101402.62
82641,Customer_82641,7,101374.68
54824,Customer_54824,7,101365.99
26257,Customer_26257,7,101363.26
75366,Customer_75366,7,101352.73
6781,Customer_6781,7,101350.0
58037,Customer_58037,7,101344.93
94710,Customer_94710,7,101343.65
30621,Customer_30621,7,101335.38
92015,Customer_92015,7,101332.13
52405,Customer_52405,7,101328.48
68878,Customer_68878,7,101317.13
1715,Customer_1715,7,101313.4
84372,Customer_84372,7,101302.65
67197,Customer_67197,7,101283.81
32752,Customer_32752,7,101274.97
80087,Customer_80087,7,101272.21
84196,Customer_84196,7,101270.4
24996,Customer_24996,7,101257.76
34930,Customer_34930,7,101255.65
15437,Customer_15437,7,101251.99
19194,Customer_19194,7,101245.75
8933,Customer_8933,7,101243.7
11668,Customer_11668,7,101232.61
98707,Customer_98707,7,101230.67
88886,Customer_88886,7,101227.1
86193,Customer_86193,7,101226.08
11383,Customer_11383,7,101225.96
67933,Customer_67933,7,101216.8
44140,Customer_44140,7,101213.81
14052,Customer_14052,7,101208.57
84475,Customer_84475,7,101200.42
33596,Customer_33596,7,101196.82
86242,Customer_86242,7,101193.17
51,Customer_51,7,101184.09
14747,Customer_14747,7,101168.75
95063,Customer_95063,7,101167.2
69700,Customer_69700,7,101153.39
35992,Customer_35992,7,101146.33
95300,Customer_95300,7,101139.15
3922,Customer_3922,7,101122.54
22370,Customer_22370,7,101103.72
54619,Customer_54619,7,101102.91
7082,Customer_7082,7,101093.88
10147,Customer_10147,7,101091.16
65076,Customer_65076,7,101090.1
39989,Customer_39989,7,101088.11
18903,Customer_18903,7,101054.62
60567,Customer_60567,7,101042.13
47816,Customer_47816,7,101025.58
65722,Customer_65722,7,101021.91
65733,Customer_65733,7,101021.79000000001
57028,Customer_57028,7,101020.02
52687,Customer_52687,7,101009.55
26193,Customer_26193,7,101005.08
62131,Customer_62131,7,100993.18000000001
34162,Customer_34162,7,100990.13
94669,Customer_94669,7,100989.58
67461,Customer_67461,7,100982.79
59404,Customer_59404,7,100966.63
93501,Customer_93501,7,100954.78
94795,Customer_94795,7,100953.31999999999
21299,Customer_21299,7,100952.4
46907,Customer_46907,7,100951.83
88767,Customer_88767,7,100951.03
33557,Customer_33557,7,100944.44
91777,Customer_91777,7,100941.95
88263,Customer_88263,7,100932.82
50124,Customer_50124,7,100925.57
26095,Customer_26095,7,100898.73
92494,Customer_92494,7,100895.19
53107,Customer_53107,7,100883.83
79184,Customer_79184,7,100880.48
36128,Customer_36128,7,100880.34
24975,Customer_24975,7,100877.87
42634,Customer_42634,7,100876.0
56362,Customer_56362,7,100874.31
46050,Customer_46050,7,100872.4
53081,Customer_53081,7,100865.99
25195,Customer_25195,7,100856.4
73362,Customer_73362,7,100836.24
9630,Customer_9630,7,100836.0
28659,Customer_28659,7,100835.99
6872,Customer_6872,7,100834.76000000001
28287,Customer_28287,7,100830.94
72869,Customer_72869,7,100826.62
59332,Customer_59332,7,100808.45
98785,Customer_98785,7,100807.38
52357,Customer_52357,7,100804.69
8969,Customer_8969,7,100796.38
46336,Customer_46336,7,100791.14
97359,Customer_97359,7,100789.13
87842,Customer_87842,7,100786.62
60433,Customer_60433,7,100784.42
88226,Customer_88226,7,100776.27
67142,Customer_67142,7,100772.42
7036,Customer_7036,7,100772.27
98122,Customer_98122,7,100757.6
34537,Customer_34537,7,100749.06
94341,Customer_94341,7,100746.89
88718,Customer_88718,7,100726.54000000001
41572,Customer_41572,7,100719.43000000001
1205,Customer_1205,7,100717.33
41827,Customer_41827,7,100704.26
69300,Customer_69300,7,100686.27
23190,Customer_23190,7,100680.04
90162,Customer_90162,7,100668.75
98974,Customer_98974,7,100667.99
34616,Customer_34616,7,100663.63
9699,Customer_9699,7,100661.79
21638,Customer_21638,7,100661.69
48441,Customer_48441,7,100651.78
33750,Customer_33750,7,100649.55
51132,Customer_51132,7,100645.5
45451,Customer_45451,7,100642.16
90514,Customer_90514,7,100634.69
89279,Customer_89279,7,100631.85
96430,Customer_96430,7,100630.7
8624,Customer_8624,7,100630.02
24870,Customer_24870,7,100625.7
26316,Customer_26316,7,100614.53
21025,Customer_21025,7,100611.5
58661,Customer_58661,7,100601.24
21661,Customer_21661,7,100600.17
23468,Customer_23468,7,100596.0
75479,Customer_75479,7,100589.35
33525,Customer_33525,7,100586.66
16903,Customer_16903,7,100583.73
47518,Customer_47518,7,100555.56
33209,Customer_33209,7,100544.41
53204,Customer_53204,7,100541.24
41669,Customer_41669,7,100537.65
13364,Customer_13364,7,100514.06999999999
52504,Customer_52504,7,100494.86
4318,Customer_4318,7,100485.04
98625,Customer_98625,7,100480.66
95317,Customer_95317,7,100478.42
26643,Customer_26643,7,100474.62
37618,Customer_37618,7,100456.76
25004,Customer_25004,7,100456.24
71822,Customer_71822,7,100455.29
11226,Customer_11226,7,100452.65
133,Customer_133,7,100443.43
43693,Customer_43693,7,100441.4
31600,Customer_31600,7,100438.46
49256,Customer_49256,7,100428.24
40624,Customer_40624,7,100421.20999999999
21943,Customer_21943,7,100420.46
50143,Customer_50143,7,100415.38
55386,Customer_55386,7,100402.66
39546,Customer_39546,7,100401.96
78498,Customer_78498,7,100399.51
72188,Customer_72188,7,100383.21
7277,Customer_7277,7,100382.01
92362,Customer_92362,7,100376.23
42952,Customer_42952,7,100371.94
14103,Customer_14103,7,100367.3
19440,Customer_19440,7,100365.56999999999
92325,Customer_92325,7,100363.99
21874,Customer_21874,7,100355.70999999999
96961,Customer_96961,7,100350.09
48350,Customer_48350,7,100348.56
4403,Customer_4403,7,100347.27
18317,Customer_18317,7,100331.25
64985,Customer_64985,7,100323.23
91958,Customer_91958,7,100314.91
61266,Customer_61266,7,100309.93
15607,Customer_15607,7,100307.16
91187,Customer_91187,7,100303.26
94619,Customer_94619,7,100302.84
95555,Customer_95555,7,100302.77
46860,Customer_46860,7,100298.43
76372,Customer_76372,7,100279.79
83075,Customer_83075,7,100266.33
10243,Customer_10243,7,100242.55
11485,Customer_11485,7,100242.31999999999
83181,Customer_83181,7,100227.94
43579,Customer_43579,7,100215.31
34620,Customer_34620,7,100213.65
54739,Customer_54739,7,100209.64
70194,Customer_70194,7,100207.05
90099,Customer_90099,7,100201.17
22338,Customer_22338,7,100198.68
6642,Customer_6642,7,100196.89
28021,Customer_28021,7,100192.64
3054,Customer_3054,7,100191.29000000001
45495,Customer_45495,7,100177.71
92176,Customer_92176,7,100176.26
7852,Customer_7852,7,100174.44
33213,Customer_33213,7,100164.86
51486,Customer_51486,7,100164.51
94930,Customer_94930,7,100164.04000000001
20488,Customer_20488,7,100163.42
42451,Customer_42451,7,100159.76000000001
31146,Customer_31146,7,100152.68
85874,Customer_85874,7,100152.4
17028,Customer_17028,7,100149.51
72285,Customer_72285,7,100142.97
3118,Customer_3118,7,100125.97
29264,Customer_29264,7,100125.74
60430,Customer_60430,7,100107.36
58805,Customer_58805,7,100098.3
43822,Customer_43822,7,100091.56999999999
90114,Customer_90114,7,100086.26
56625,Customer_56625,7,100081.78
97582,Customer_97582,7,100079.16
68400,Customer_68400,7,100076.24
46981,Customer_46981,7,100071.37000000001
7348,Customer_7348,7,100065.06999999999
30901,Customer_30901,7,100064.15
92217,Customer_92217,7,100063.47
58599,Customer_58599,7,100061.4
51463,Customer_51463,7,100059.15000000001
31518,Customer_31518,7,100043.18
5652,Customer_5652,7,100042.9
85972,Customer_85972,7,100038.2
79504,Customer_79504,7,100020.62
78412,Customer_78412,7,100008.43
